,Current,Sharpe_Optimal
Cash,10.0,6.883828723665611
Global_Equities,30.0,31.73775189463688
Fixed_Income,25.0,1.4356820935073395e-13
Venture_Capital,10.0,1.8534740890320936e-13
Private_Equity,10.0,6.390964925060898e-14
Hedge_Funds,10.0,36.882659207786446
Private_Debt,4.0,19.119623658462817
Digital_Assets,1.0,5.376136515447857
